county,year,population,pct_pop_change,avg_commute_mins,pct_comm_change,traffic_growth_rate
Anderson,2018,76287,0.30372357210477485,24.6,-5.384615384615376,-1.4356901137791578
Anderson,2017,76056,0.699078487448368,26,16.59192825112108,1.8612219468754811
Anderson,2016,75528,0.0954198473282375,22.3,-5.907172995780585,2.886446023546118
Anderson,2015,75456,0.3978338677701254,23.7,9.216589861751157,3.6626039295322292
Anderson,2014,75157,-0.18858152166695286,21.7,-4.405286343612335,2.6371206540557304
Anderson,2013,75299,0.0983715520106454,22.7,2.2522522522522515,-0.8346915696870388
Anderson,2012,75225,0.021274049648312143,22.2,4.225352112676051,-0.7650351039936834
Anderson,2011,75209,0.14780686569548784,21.3,-17.76061776061776,1.3070002172665804
Anderson,2010,75098,NA,25.9,NA,-0.19762820345377624
Bedford,2018,49146,1.9393914251934152,NA,NA,3.955993219104094
Bedford,2017,48211,1.620926605117834,NA,NA,3.1798903737004443
Bedford,2016,47442,1.0522279969327863,NA,NA,1.4929812261928284
Bedford,2015,46948,1.5069944433633964,NA,NA,3.3509875247950265
Bedford,2014,46251,1.5055415340722078,NA,NA,3.7633003270959113
Bedford,2013,45565,0.6872320678835031,NA,NA,1.8830309055770345
Bedford,2012,45254,0.015470638937387093,NA,NA,-1.4929191080962623
Bedford,2011,45247,0.3749057189760041,NA,NA,-2.498515572008196
Bedford,2010,45078,NA,NA,NA,1.7831742639248351
Benton,2018,16246,1.5819420996685984,NA,NA,0.2947564828471677
Benton,2017,15993,-0.5534137545081474,NA,NA,4.090021975869783
Benton,2016,16082,-0.8508014796547503,NA,NA,0.28019794831509287
Benton,2015,16220,0.14200160523554217,NA,NA,5.649375373082408
Benton,2014,16197,-0.9963325183374061,NA,NA,-1.0062153114301737
Benton,2013,16360,-0.5168744299179129,NA,NA,-6.416764690831135
Benton,2012,16445,-0.5081977131102922,NA,NA,-1.197679239643076
Benton,2011,16529,0.10901823027071877,NA,NA,3.5554454657016032
Benton,2010,16511,NA,NA,NA,4.938786071996673
Bledsoe,2018,14883,-0.08056394763343855,NA,NA,0.2655129266148931
Bledsoe,2017,14895,1.065273442800918,NA,NA,5.140468843623299
Bledsoe,2016,14738,0.9382918978152244,NA,NA,-0.5359091807735465
Bledsoe,2015,14601,0.6896076132680395,NA,NA,-1.1851233244014476
Bledsoe,2014,14501,4.248741912293319,NA,NA,4.625582903891534
Bledsoe,2013,13910,7.612563824849139,NA,NA,-1.2103959157463522
Bledsoe,2012,12926,-0.5080049261083741,NA,NA,1.7010172388795537
Bledsoe,2011,12992,0.8382489909965818,NA,NA,-3.578512994004118
Bledsoe,2010,12884,NA,NA,NA,-1.2932534616686706
Blount,2018,131331,1.0246232663328136,23.9,-8.429118773946376,1.0314932505378411
Blount,2017,129999,1.3526788498721354,26.1,6.0975609756097615,3.322483805012899
Blount,2016,128264,1.0318698111126956,24.6,0.40816326530612734,1.5184624720274198
Blount,2015,126954,0.8796395623256847,24.5,1.2396694214876103,3.8303526221391957
Blount,2014,125847,0.7791854189022507,24.2,-0.4115226337448652,1.5416909532917042
Blount,2013,124874,0.685351222344055,24.3,0.4132231404958775,1.1002453094293698
Blount,2012,124024,0.29111139862854074,24.2,2.5423728813559254,0.9951146961103997
Blount,2011,123664,0.37743812855624004,23.6,-5.976095617529875,1.0913657949052968
Blount,2010,123199,NA,25.1,NA,-0.3834096780196648
Bradley,2018,107050,1.5452329232316098,21.9,2.8169014084507005,6.591823727514247
Bradley,2017,105421,0.9876424944918138,21.3,0,0.25474586491482826
Bradley,2016,104390,0.5935976256094877,21.3,5.970149253731338,1.4689242152824864
Bradley,2015,103774,0.9759562522501541,20.1,-9.459459459459453,2.9033292418410426
Bradley,2014,102771,0.975652891587564,22.2,-0.4484304932735439,1.842373986012456
Bradley,2013,101778,0.7214321764688503,22.3,4.20560747663552,0.14211593814698908
Bradley,2012,101049,1.2535321349125272,21.4,-5.3097345132743445,1.7002634484016144
Bradley,2011,99798,0.7216172299990831,22.6,10.784313725490202,1.8429420023554743
Bradley,2010,99083,NA,20.4,NA,0.44746805209146034
Campbell,2018,39795,0.010052524440196109,NA,NA,0.8894630454290321
Campbell,2017,39791,0.01759501307057043,NA,NA,-1.1780661870854412
Campbell,2016,39784,0.030171980287629907,NA,NA,1.0430711046180405
Campbell,2015,39772,-0.3033113578823299,NA,NA,6.031288403609726
Campbell,2014,39893,-0.8795686635028721,NA,NA,-0.30468424439441094
Campbell,2013,40247,-0.7031481298726883,NA,NA,3.3536232571464546
Campbell,2012,40532,-0.38340542666142063,NA,NA,-3.4576864580242095
Campbell,2011,40688,-0.11537989443967112,NA,NA,6.022240666649313
Campbell,2010,40735,NA,NA,NA,-3.0146132107665835
Cannon,2018,14440,1.9990110899201774,NA,NA,6.941175809136509
Cannon,2017,14157,2.0250792735658774,NA,NA,10.763272525639538
Cannon,2016,13876,0.9898107714701565,NA,NA,4.609606760682372
Cannon,2015,13740,1.2378426171529622,NA,NA,3.2215791043922914
Cannon,2014,13572,-0.9343065693430685,NA,NA,0.8331166068170577
Cannon,2013,13700,-0.6454420190006527,NA,NA,-4.259512114496844
Cannon,2012,13789,0.4736228504809148,NA,NA,4.678103151670575
Cannon,2011,13724,-0.5291005291005346,NA,NA,-1.6147514312966502
Cannon,2010,13797,NA,NA,NA,2.2465656689257285
Carroll,2018,27975,0.6041644190311724,NA,NA,3.690791106220858
Carroll,2017,27807,-0.3369054872585209,NA,NA,3.395523452868014
Carroll,2016,27901,-0.2894718033021215,NA,NA,2.743682849462216
Carroll,2015,27982,-1.5099785294428236,NA,NA,2.328808816669781
Carroll,2014,28411,-0.681675173040619,NA,NA,0.7831262597120544
Carroll,2013,28606,-0.21278822339274583,NA,NA,-2.8004113950511575
Carroll,2012,28667,0.42035940729323595,NA,NA,2.14754842552829
Carroll,2011,28547,0.32684332607015865,NA,NA,-0.8120716435921329
Carroll,2010,28454,NA,NA,NA,1.8608937174442297
Carter,2018,56417,-0.16457264201026334,NA,NA,-0.45364988249522137
Carter,2017,56510,0.06551803516725574,NA,NA,2.0134023266659793
Carter,2016,56473,0.1738359201773898,NA,NA,1.0318027287710614
Carter,2015,56375,0.08877052818463405,NA,NA,4.595336956582646
Carter,2014,56325,-1.1460563726350514,NA,NA,-1.537061825161114
Carter,2013,56978,-0.6434512703367257,NA,NA,1.2736100876707785
Carter,2012,57347,-0.06621939531236132,NA,NA,-0.49393338826895544
Carter,2011,57385,0.07498866450419417,NA,NA,-0.8355575317189495
Carter,2010,57342,NA,NA,NA,-1.3586927377596691
Cheatham,2018,40502,0.33691720755091303,NA,NA,4.637783372094319
Cheatham,2017,40366,1.4858579509742231,NA,NA,3.7487527334573714
Cheatham,2016,39775,0.45967721566944064,NA,NA,1.928606350167154
Cheatham,2015,39593,-0.042918454935625405,NA,NA,2.06580168274311
Cheatham,2014,39610,0.686324351804779,NA,NA,4.626286322231745
Cheatham,2013,39340,0.27784150289311693,NA,NA,-0.06432094697641165
Cheatham,2012,39231,0.6284307187195415,NA,NA,-1.09539430647063
Cheatham,2011,38986,-0.3705502031637331,NA,NA,4.024229520616674
Cheatham,2010,39131,NA,NA,NA,-1.3186124495030216
Chester,2018,17245,0.5304885157980666,NA,NA,-1.2597767926461063
Chester,2017,17154,0.14010507880910517,NA,NA,5.513966410988218
Chester,2016,17130,0.04088068679553025,NA,NA,0.2883169973103684
Chester,2015,17123,-0.075863678804855,NA,NA,8.712520510970194
Chester,2014,17136,0.11684973124561626,NA,NA,-3.2769037179409373
Chester,2013,17116,0.23424689622861816,NA,NA,0.305816296365367
Chester,2012,17076,-0.43148688046646955,NA,NA,-2.2952687007641646
Chester,2011,17150,-0.2559032220542101,NA,NA,-0.7945672314795427
Chester,2010,17194,NA,NA,NA,-0.8419709800357209
Claiborne,2018,31850,0.5969489277028561,NA,NA,-1.9702478038110245
Claiborne,2017,31661,0.08535120440031907,NA,NA,2.8546829959049096
Claiborne,2016,31634,0.2503565203612723,NA,NA,3.4378910674686933
Claiborne,2015,31555,-0.05067942098762046,NA,NA,6.842742933324469
Claiborne,2014,31571,-0.17706390109716308,NA,NA,0.8065560478183877
Claiborne,2013,31627,-0.4281711425243251,NA,NA,1.023758447410342
Claiborne,2012,31763,-1.0683361365476873,NA,NA,-1.8336111948125442
Claiborne,2011,32106,-0.33835169951885735,NA,NA,-6.1636265110557185
Claiborne,2010,32215,NA,NA,NA,1.8099876540997286
Clay,2018,7677,0.18269607203444949,NA,NA,4.061235881052413
Clay,2017,7663,0.1175855761693212,NA,NA,7.748929361908216
Clay,2016,7654,-0.1174474748792953,NA,NA,3.083073114709614
Clay,2015,7663,0.5643044619422666,NA,NA,3.9625551412051663
Clay,2014,7620,-0.8844953173777315,NA,NA,-4.059868334104327
Clay,2013,7688,-0.18177096857958652,NA,NA,-3.263714126463706
Clay,2012,7702,-0.503810877147659,NA,NA,-2.155930336196176
Clay,2011,7741,-1.313105558388572,NA,NA,-6.780739605326797
Clay,2010,7844,NA,NA,NA,7.7349263512252495
Cocke,2018,35858,0.928844854762434,NA,NA,7.143786790492801
Cocke,2017,35528,0.8344212976102661,NA,NA,3.7506671795663915
Cocke,2016,35234,0.2732084922306255,NA,NA,2.113648935184337
Cocke,2015,35138,-0.3629558214711004,NA,NA,0.3420322957819181
Cocke,2014,35266,-0.37853107344633097,NA,NA,1.3064092432878873
Cocke,2013,35400,-0.3658879819870564,NA,NA,-1.0878716022418768
Cocke,2012,35530,0.27658613682546296,NA,NA,-0.009236946777582106
Cocke,2011,35432,-0.5836139169472454,NA,NA,-0.7873698056063027
Cocke,2010,35640,NA,NA,NA,0.23040607482115869
Coffee,2018,55877,1.564999272938783,NA,NA,3.2893980254129684
Coffee,2017,55016,0.8783028036012164,NA,NA,3.2884679589290977
Coffee,2016,54537,0.8208086073983711,NA,NA,0.9472054081432655
Coffee,2015,54093,1.063074508631634,NA,NA,3.5193096569111324
Coffee,2014,53524,0.42403092048481916,NA,NA,0.6853115296025387
Coffee,2013,53298,0.2841176359907438,NA,NA,0.6478048216536548
Coffee,2012,53147,0.42894935752078034,NA,NA,4.348222352431157
Coffee,2011,52920,0.2842524161455362,NA,NA,-3.1712221790968282
Coffee,2010,52770,NA,NA,NA,-0.5134576667057387
Crockett,2018,14296,-0.9697977279024661,NA,NA,10.462895798839165
Crockett,2017,14436,-0.08305647840531893,NA,NA,1.331504452327213
Crockett,2016,14448,-0.9461127108185918,NA,NA,2.1187661013360346
Crockett,2015,14586,-0.45045045045044585,NA,NA,1.5925564845025035
Crockett,2014,14652,0.2874743326488627,NA,NA,5.718504647430034
Crockett,2013,14610,0,NA,NA,0.234783821466933
Crockett,2012,14610,0.3434065934065922,NA,NA,1.0263596834440687
Crockett,2011,14560,-0.19193857965451588,NA,NA,0.2654360816687788
Crockett,2010,14588,NA,NA,NA,-0.12967223459477567
Cumberland,2018,59738,1.2113921691544016,NA,NA,-0.8944331894611635
Cumberland,2017,59023,0.75623079549334,NA,NA,3.598174998549015
Cumberland,2016,58580,0.6235292096810285,NA,NA,4.635060391918757
Cumberland,2015,58217,0.5058352323734638,NA,NA,2.0029453051732036
Cumberland,2014,57924,0.846129739893442,NA,NA,-4.031058827575716
Cumberland,2013,57438,0.7861028250570223,NA,NA,2.0527156358473038
Cumberland,2012,56990,0.819077608930252,NA,NA,-0.5485258134378349
Cumberland,2011,56527,0.5943800829284696,NA,NA,0.5923443422968507
Cumberland,2010,56193,NA,NA,NA,1.8086204523518588
Davidson,2018,690516,0.48853322156880985,24.5,-1.2096774193548376,2.5704446234001277
Davidson,2017,687159,0.1939258911477948,24.8,-1.5873015873015817,4.1248235649114475
Davidson,2016,685829,0.8879173513113514,25.2,0.3984063745019917,1.9570242351550846
Davidson,2015,679793,1.5205843392656293,25.1,5.020920502092063,4.619311325969166
Davidson,2014,669611,1.4287034274037769,23.9,2.5751072961373245,1.4176757814694299
Davidson,2013,660179,1.6686070865365554,23.3,1.7467248908296984,1.565772769105177
Davidson,2012,649344,2.111278498171143,22.9,-2.1367521367521403,2.8156692358799753
Davidson,2011,635918,1.3018004097198554,23.4,2.183406113537112,2.2987288452752375
Davidson,2010,627746,NA,22.9,NA,-0.007954385758155645
Decatur,2018,11699,-0.2812819638595254,NA,NA,9.96228944914771
Decatur,2017,11732,-0.02556455048998707,NA,NA,3.7867456889558997
Decatur,2016,11735,1.163793103448274,NA,NA,-0.03257099754772249
Decatur,2015,11600,-0.7274283269148474,NA,NA,5.198058822636842
Decatur,2014,11685,-0.09404924760602063,NA,NA,-4.2617918346800305
Decatur,2013,11696,0.5329207495272437,NA,NA,-0.38231214364263183
Decatur,2012,11634,-0.4108885464817691,NA,NA,-0.7988445122582513
Decatur,2011,11682,-0.2987112742169451,NA,NA,-1.3920129806627974
Decatur,2010,11717,NA,NA,NA,0.8782599736115854
DeKalb,2018,20133,1.2930167035620777,NA,NA,6.037348003886027
DeKalb,2017,19876,2.2217650689158708,NA,NA,5.643678406099934
DeKalb,2016,19444,0.7878913539290933,NA,NA,4.2345757444262535
DeKalb,2015,19292,0.33806626098715764,NA,NA,-3.4374334673062763
DeKalb,2014,19227,0.40208877284595435,NA,NA,4.012117342930751
DeKalb,2013,19150,1.4892151147384514,NA,NA,-3.506234995491911
DeKalb,2012,18869,0.6132025167964184,NA,NA,0.43418935326145325
DeKalb,2011,18754,0.3155924043861891,NA,NA,-2.4523720805413647
DeKalb,2010,18695,NA,NA,NA,-1.180757310950964
Dickson,2018,53446,1.2733543032553918,NA,NA,0.48937596232078895
Dickson,2017,52774,1.684007707129087,NA,NA,3.197359223562474
Dickson,2016,51900,1.1025830833365724,NA,NA,1.7623145783945051
Dickson,2015,51334,1.7219855345288915,NA,NA,7.117655914427091
Dickson,2014,50465,0.6000318953831352,NA,NA,2.0547208658397933
Dickson,2013,50164,-0.09957382403313897,NA,NA,2.1479099169272873
Dickson,2012,50214,0.46416710015606544,NA,NA,-0.725753344737861
Dickson,2011,49982,0.5997906770791372,NA,NA,0.9049436909599635
Dickson,2010,49684,NA,NA,NA,-0.048863417131902565
Dyer,2018,37286,-0.14194274083397795,NA,NA,3.5366470636691347
Dyer,2017,37339,-0.540727718288847,NA,NA,3.251117900965833
Dyer,2016,37542,-0.5588959817762862,NA,NA,1.9091688879181745
Dyer,2015,37753,-0.14283069272885696,NA,NA,5.951929051892093
Dyer,2014,37807,-0.7507941091539183,NA,NA,4.528366647208471
Dyer,2013,38093,-0.24876924688383983,NA,NA,-4.4732366483225166
Dyer,2012,38188,0.18364027493573687,NA,NA,1.3271559883116673
Dyer,2011,38118,-0.521947909598619,NA,NA,0.34036441353955493
Dyer,2010,38318,NA,NA,NA,-2.509314372161662
Fayette,2018,40556,1.0112079701120713,NA,NA,6.208837271340701
Fayette,2017,40150,1.1258595068382782,NA,NA,4.533583197124375
Fayette,2016,39703,1.076883910386961,NA,NA,1.2939360205784842
Fayette,2015,39280,0.4012984689313104,NA,NA,0.804234912743065
Fayette,2014,39123,0.8012985674533679,NA,NA,-3.8987868768793685
Fayette,2013,38812,0.325699219355835,NA,NA,6.53780403530528
Fayette,2012,38686,0.3007518796992459,NA,NA,1.101602719727759
Fayette,2011,38570,0.37213417649049063,NA,NA,-1.1011486144788694
Fayette,2010,38427,NA,NA,NA,0.21081466756109465
Fentress,2018,18322,0.5929504776545524,NA,NA,-0.2096035092239002
Fentress,2017,18214,0.9645232815964633,NA,NA,9.157811062802573
Fentress,2016,18040,0.4174784302811041,NA,NA,3.548739175269429
Fentress,2015,17965,0.6498963527368451,NA,NA,-1.933262786341772
Fentress,2014,17849,-0.3071939231456655,NA,NA,-2.7832030804388346
Fentress,2013,17904,-0.06697923643670389,NA,NA,-0.06709567041614298
Fentress,2012,17916,-0.4500750125020825,NA,NA,-0.32434374295782653
Fentress,2011,17997,0.41287730848629245,NA,NA,-0.5913095473246531
Fentress,2010,17923,NA,NA,NA,-2.8957703815369373
Franklin,2018,41935,0.7495855656728168,NA,NA,4.687983693939358
Franklin,2017,41623,0.25290235560480046,NA,NA,2.173062223401057
Franklin,2016,41518,0.4232881019761603,NA,NA,1.6748664812208023
Franklin,2015,41343,0.13321061809725698,NA,NA,5.266468117622124
Franklin,2014,41288,0.18198141363161557,NA,NA,-0.22342515522151665
Franklin,2013,41213,1.290306724341339,NA,NA,-0.6359686436941848
Franklin,2012,40688,-0.41363780992240695,NA,NA,2.086686244833147
Franklin,2011,40857,-0.2490295173221968,NA,NA,-1.6006878457013403
Franklin,2010,40959,NA,NA,NA,0.3816804328397143
Gibson,2018,49171,-0.17054106182113893,NA,NA,3.2074411384308243
Gibson,2017,49255,0.010152284263953426,NA,NA,4.196926389312669
Gibson,2016,49250,-0.16014920229480145,NA,NA,0.6726714985604481
Gibson,2015,49329,-0.2164414596650177,NA,NA,2.339819275799653
Gibson,2014,49436,0.1134062373430611,NA,NA,3.2563668851360132
Gibson,2013,49380,-0.5758466556598063,NA,NA,-0.6360679190389683
Gibson,2012,49666,-0.4649484949296512,NA,NA,0.8441296204902294
Gibson,2011,49898,0.335806639721703,NA,NA,-4.345705056280657
Gibson,2010,49731,NA,NA,NA,4.137093776139082
Giles,2018,29446,0.22805405221417718,NA,NA,5.458104708708885
Giles,2017,29379,0.7337562146408461,NA,NA,1.8029521367912076
Giles,2016,29165,0.6626859489869963,NA,NA,4.443761115323571
Giles,2015,28973,0.5343696866650482,NA,NA,6.801443495546274
Giles,2014,28819,0.06249782993645869,NA,NA,4.66448132483023
Giles,2013,28801,-0.5799302702889308,NA,NA,1.1160485554607933
Giles,2012,28969,-1.0756727223056983,NA,NA,-0.28535950560325735
Giles,2011,29284,-0.4148813167380805,NA,NA,-3.567162719804364
Giles,2010,29406,NA,NA,NA,-1.7696236359297004
Grainger,2018,23137,0.13416428633254984,NA,NA,8.67869184824513
Grainger,2017,23106,0.047629357003686756,NA,NA,4.226647905371018
Grainger,2016,23095,1.0810574229691783,NA,NA,1.7345801261758702
Grainger,2015,22848,-0.06123698714023407,NA,NA,5.969656155822814
Grainger,2014,22862,0.5409208848234259,NA,NA,-1.8274447520679877
Grainger,2013,22739,0.22037110494073087,NA,NA,1.9105768316442686
Grainger,2012,22689,-0.2812815892409781,NA,NA,-2.851123202976636
Grainger,2011,22753,0.1408388715285369,NA,NA,-1.928150448870352
Grainger,2010,22721,NA,NA,NA,0.6206576515944072
Greene,2018,69164,0.49839438543468617,22.1,0.9132420091324311,1.7582157289360658
Greene,2017,68821,0.4260969808402182,21.9,-0.9049773755656187,2.9441169104621805
Greene,2016,68529,-0.0831073396903137,22.1,0,1.1384467532450884
Greene,2015,68586,0.17819584014957535,22.1,-1.777777777777767,2.6008587831768644
Greene,2014,68464,0.18730976352141493,22.5,-7.786885245901631,1.890104016644479
Greene,2013,68336,-0.6166375799883661,24.4,6.0869565217391175,4.652700094535767
Greene,2012,68760,-0.5970537637517537,23,9.523809523809534,-5.822862093218755
Greene,2011,69173,0.49248917686026683,21,-13.580246913580252,2.2139871485728246
Greene,2010,68834,NA,24.3,NA,-2.613302985860356
Grundy,2018,13348,0.12001200120010935,NA,NA,2.9994612320121323
Grundy,2017,13332,0.42181379933714513,NA,NA,5.46450812476271
Grundy,2016,13276,-0.4573742220889243,NA,NA,1.2841528781151552
Grundy,2015,13337,-0.02248875562218533,NA,NA,4.728814696469342
Grundy,2014,13340,-0.8104691798646702,NA,NA,2.297947096924877
Grundy,2013,13449,-0.9865272767429878,NA,NA,-1.5403120546338342
Grundy,2012,13583,-0.03679717397704341,NA,NA,5.697562711825232
Grundy,2011,13588,-0.99817850637522465,NA,NA,2.887729762981405
Grundy,2010,13725,NA,NA,NA,1.1533825199358954
Hamblen,2018,64629,0.8850800786737834,NA,NA,8.002645202251703
Hamblen,2017,64062,0.5982946247703458,NA,NA,2.3723720105486144
Hamblen,2016,63681,0.5177339668208214,NA,NA,5.36097204461095
Hamblen,2015,63353,0.5443580384066005,NA,NA,2.214673194933617
Hamblen,2014,63010,-0.06502672439770985,NA,NA,0.26315601789746546
Hamblen,2013,63051,0.45726849786502655,NA,NA,3.077959291722643
Hamblen,2012,62764,-0.21462980333550874,NA,NA,-1.6738238461053614
Hamblen,2011,62899,0.6223004319309,NA,NA,-3.413184705961446
Hamblen,2010,62510,NA,NA,NA,2.989609584020667
Hamilton,2018,364293,0.9032440337698677,22.3,8.252427184466015,1.2451039639788395
Hamilton,2017,361032,0.9095025406816504,20.6,-8.035714285714269,2.077896271237236
Hamilton,2016,357778,1.1558144137521653,22.4,3.2258064516129004,0.6402306645644564
Hamilton,2015,353690,0.8442415654251523,21.7,2.843601895734582,3.1223415935843915
Hamilton,2014,350729,0.4810199111875191,21.1,-0.4716981132075415,2.967601185906158
Hamilton,2013,349050,0.9710928482786763,21.2,-2.752293577981657,-1.3817628118871248
Hamilton,2012,345693,1.3483086773733888,21.8,0,0.7594543541347688
Hamilton,2011,341094,1.1506046605419762,21.8,2.3474178403755763,2.3575538323721594
Hamilton,2010,337214,NA,21.3,NA,0.3746479470114295
Hancock,2018,6561,-0.4853632640679506,NA,NA,-5.795746278470284
Hancock,2017,6593,0.15190642564180123,NA,NA,12.069704190406716
Hancock,2016,6583,0.09122700319295074,NA,NA,3.0259305864092116
Hancock,2015,6577,-0.6345369391146716,NA,NA,1.794699919080256
Hancock,2014,6619,-0.0302069173840791,NA,NA,-1.0503717000508455
Hancock,2013,6621,-0.540784136998651,NA,NA,6.663127618568283
Hancock,2012,6657,-0.7602862254025067,NA,NA,-7.1694133440357755
Hancock,2011,6708,-1.3239187996469504,NA,NA,1.2393369495428306
Hancock,2010,6798,NA,NA,NA,1.8950559296147156
Hardeman,2018,25276,-0.8317639673571908,NA,NA,-4.116103520010646
Hardeman,2017,25488,-0.37523452157598447,NA,NA,4.042097030995995
Hardeman,2016,25584,-0.9025061006313617,NA,NA,1.305774217498145
Hardeman,2015,25817,-0.6618184616568601,NA,NA,4.552025910420781
Hardeman,2014,25989,-1.4074355083459777,NA,NA,-3.694666884515831
Hardeman,2013,26360,-0.9469412295205148,NA,NA,-1.0955654745046763
Hardeman,2012,26612,-0.9564926123041384,NA,NA,-6.167893366091918
Hardeman,2011,26869,-1.1041996392947895,NA,NA,3.361164099676787
Hardeman,2010,27169,NA,NA,NA,1.4302421474099818
Hardin,2018,25693,-0.17483875981039176,NA,NA,0.020014302441968522
Hardin,2017,25738,-0.007770007770002696,NA,NA,-0.46128488060748224
Hardin,2016,25740,-0.054360487691229586,NA,NA,11.527501541868451
Hardin,2015,25754,-0.18216348203557997,NA,NA,2.911693389530627
Hardin,2014,25801,-0.4783027965284514,NA,NA,0.43653933700307546
Hardin,2013,25925,-0.1425159849010038,NA,NA,-1.8411354938301068
Hardin,2012,25962,0.3595036530209983,NA,NA,-2.826018230514201
Hardin,2011,25869,-0.6948176583493337,NA,NA,3.4877647116411463
Hardin,2010,26050,NA,NA,NA,3.8949402486473614
Hawkins,2018,56713,0.16425291416459764,NA,NA,-0.948440536435349
Hawkins,2017,56620,0.09723327145760852,NA,NA,3.1146034522777915
Hawkins,2016,56565,0.34592868547098643,NA,NA,1.685175537757624
Hawkins,2015,56370,-0.19652626546979857,NA,NA,3.3326926671359636
Hawkins,2014,56481,-0.3792154649358004,NA,NA,0.17259118108891838
Hawkins,2013,56696,0.24045261669023432,NA,NA,-1.5081334922566472
Hawkins,2012,56560,-0.10773387965595793,NA,NA,-3.822113877109934
Hawkins,2011,56621,-0.4378406892913689,NA,NA,-0.471113971047845
Hawkins,2010,56870,NA,NA,NA,2.9386574899335938
Haywood,2018,17347,-1.4766854092122417,NA,NA,-5.113169783279911
Haywood,2017,17607,-1.2063741443160136,NA,NA,12.011953985618192
Haywood,2016,17822,-1.1865158571745416,NA,NA,1.1798540568028115
Haywood,2015,18036,-1.0913079243213608,NA,NA,5.962587607583953
Haywood,2014,18235,0.005484260173305167,NA,NA,-2.589676746051176
Haywood,2013,18234,-0.22980958634274407,NA,NA,3.185121162027122
Haywood,2012,18276,-1.4558395341313535,NA,NA,-1.4322266934090637
Haywood,2011,18546,-1.413991069530085,NA,NA,-2.3446118085139602
Haywood,2010,18812,NA,NA,NA,0.47939045716636014
Henderson,2018,27983,0.47395066604429825,NA,NA,-1.729133555516912
Henderson,2017,27851,-0.014360078980435453,NA,NA,7.677206729643692
Henderson,2016,27855,-0.7942161122587055,NA,NA,-2.9664049158712738
Henderson,2015,28078,-0.05339408393549849,NA,NA,7.083077847565487
Henderson,2014,28093,0.1818700520647587,NA,NA,-1.5175615212096223
Henderson,2013,28042,-0.14243999715120026,NA,NA,-0.5006010608029918
Henderson,2012,28082,0.15335782303220746,NA,NA,-0.6474284286165365
Henderson,2011,28039,0.9032675975241045,NA,NA,-1.7192853554834766
Henderson,2010,27788,NA,NA,NA,-0.22899498579988614
Henry,2018,32336,-0.13588634959851298,NA,NA,3.5851951817350143
Henry,2017,32380,0.4591710101762292,NA,NA,2.721607416405673
Henry,2016,32232,0.3268279017648812,NA,NA,0.18326985307818044
Henry,2015,32127,-0.36594820902465797,NA,NA,6.871898782819752
Henry,2014,32245,-0.015503875968991832,NA,NA,2.7702833411594283
Henry,2013,32250,-0.39225376038546367,NA,NA,-4.611816314320813
Henry,2012,32377,-0.19420468557336257,NA,NA,-1.5394427808276558
Henry,2011,32440,0.12963763195259492,NA,NA,-1.6946341871619959
Henry,2010,32398,NA,NA,NA,0.2981062735535212
Hickman,2018,25007,0.6763557309070523,NA,NA,4.127744207705633
Hickman,2017,24839,0.7013703073055932,NA,NA,0.833730838471193
Hickman,2016,24666,1.2021499199934338,NA,NA,1.6417088992049724
Hickman,2015,24373,-0.3760474146740189,NA,NA,5.250168153272678
Hickman,2014,24465,1.0658074110794447,NA,NA,1.6746549885813382
Hickman,2013,24207,0.06200396825397636,NA,NA,2.547618862331698
Hickman,2012,24192,-0.7059596125430945,NA,NA,-2.7447174796519285
Hickman,2011,24364,-1.148212764230938,NA,NA,-0.8461137474350929
Hickman,2010,24647,NA,NA,NA,1.2298967754134515
Houston,2018,8234,0.9316008825692501,NA,NA,9.744729017075896
Houston,2017,8158,0.7036168374274787,NA,NA,0.5085130173969673
Houston,2016,8101,-0.28311176760216217,NA,NA,2.064664644915807
Houston,2015,8124,-1.1799051210314992,NA,NA,1.788112192316887
Houston,2014,8221,-0.664572257129048,NA,NA,6.776521910392701
Houston,2013,8276,-1.7568850902184185,NA,NA,-0.001033938367016634
Houston,2012,8424,0.92248712112135145,NA,NA,0.9576228079965199
Houston,2011,8347,-1.2306235948408517,NA,NA,-5.0111665291303895
Houston,2010,8451,NA,NA,NA,8.867101225526453
Humphreys,2018,18551,0.2594173917743081,NA,NA,4.165276161689659
Humphreys,2017,18503,0.6527770222488183,NA,NA,2.4982565089805355
Humphreys,2016,18383,1.2446990141543157,NA,NA,6.852023489253902
Humphreys,2015,18157,0.05510552708436478,NA,NA,0.36537252900674994
Humphreys,2014,18147,-0.5316816487612397,NA,NA,0.7107029938630666
Humphreys,2013,18244,-0.23513971673866374,NA,NA,2.2588596706676314
Humphreys,2012,18287,-0.630332011085144,NA,NA,-0.11716325171954577
Humphreys,2011,18403,-0.8352193124259055,NA,NA,-0.841602595909489
Humphreys,2010,18558,NA,NA,NA,1.3612591622559047
Jackson,2018,11777,0.6409160827208993,NA,NA,-0.5666462792014916
Jackson,2017,11702,0.783739557316343,NA,NA,4.918730080935857
Jackson,2016,11611,0.6675914687012341,NA,NA,7.289319109067335
Jackson,2015,11534,0.08677542519959225,NA,NA,-0.39680870723106465
Jackson,2014,11524,-0.32004151889974963,NA,NA,-3.036403035430567
Jackson,2013,11561,-0.29322984044847233,NA,NA,0.556763754993931
Jackson,2012,11595,0.3201245890292359,NA,NA,-2.3273911542775525
Jackson,2011,11558,-0.5763440860215074,NA,NA,3.4009358449117206
Jackson,2010,11625,NA,NA,NA,-0.9800052924628984
Jefferson,2018,54012,0.5248464544946874,NA,NA,2.794046553767618
Jefferson,2017,53730,1.0950553172273558,NA,NA,3.2384796039944996
Jefferson,2016,53148,0.2584369281847243,NA,NA,-1.2870572106994536
Jefferson,2015,53011,1.1505876965348882,NA,NA,4.373070678010265
Jefferson,2014,52408,0.5255687267426312,NA,NA,2.9490170867781003
Jefferson,2013,52134,-0.3173996175908189,NA,NA,-4.752109492577766
Jefferson,2012,52300,0.7551822455112989,NA,NA,2.1280313445550743
Jefferson,2011,51908,0.37514019414472966,NA,NA,-0.7636558844019512
Jefferson,2010,51714,NA,NA,NA,1.999915106990066
Johnson,2018,17774,0.9714253252286476,NA,NA,-0.061172656501646536
Johnson,2017,17603,-0.8784278394053713,NA,NA,0.7038054069281597
Johnson,2016,17759,-0.4651944849232148,NA,NA,-2.350472828554072
Johnson,2015,17842,-0.5185391692221875,NA,NA,4.317618525859805
Johnson,2014,17935,-0.43854779615853934,NA,NA,-0.8852685483798451
Johnson,2013,18014,-0.7985021201608045,NA,NA,1.530549128702259
Johnson,2012,18159,-0.35120452175821937,NA,NA,-2.7145011456820978
Johnson,2011,18223,-0.3445258667833295,NA,NA,-4.744105622872722
Johnson,2010,18286,NA,NA,NA,-1.6113965244299795
Knox,2018,466258,1.0167582030699895,22.3,-0.44642857142855874,0.004654203900740242
Knox,2017,461565,1.2006428569862448,22.4,0,4.063215055937839
Knox,2016,456089,1.0618284632957886,22.4,1.8181818181818077,1.8560720045237624
Knox,2015,451297,0.7577533528464908,22,3.2863849765258246,5.682304000785287
Knox,2014,447903,0.807762078169949,21.3,1.9138755980861344,-2.4873199321817037
Knox,2013,444314,0.7992449936591317,20.9,-4.5662100456621,3.4151084527316486
Knox,2012,440791,0.9192354891294441,21.9,1.388888888888884,1.8640520597631909
Knox,2011,436776,0.8865010694371955,21.6,1.8867924528301883,0.5139719685742477
Knox,2010,432938,NA,21.2,NA,-1.1149466726593105
Lake,2018,7407,-0.5905247617769449,NA,NA,-6.883291361882983
Lake,2017,7451,-1.0622759261718184,NA,NA,-1.8498992859854362
Lake,2016,7531,-0.9339647461194422,NA,NA,6.516425752132288
Lake,2015,7602,-1.0156249999999978,NA,NA,-1.4207478404191212
Lake,2014,7680,-0.4278490859587758,NA,NA,0.39929579262891757
Lake,2013,7713,-0.025923525599480524,NA,NA,1.8108567947942154
Lake,2012,7715,-1.0008982420120605,NA,NA,-0.9622770141242382
Lake,2011,7793,-0.4343937651718366,NA,NA,2.69544801612812
Lake,2010,7827,NA,NA,NA,3.1602958280731834
Lauderdale,2018,25997,-0.36791476641244714,NA,NA,5.577127403158418
Lauderdale,2017,26093,3.0529225908372926,NA,NA,1.238926785259995
Lauderdale,2016,25320,-5.88410214474222,NA,NA,3.1631643420666893
Lauderdale,2015,26903,-1.6595386921080535,NA,NA,4.142096272902767
Lauderdale,2014,27357,-0.7833750408007822,NA,NA,1.7752830728369189
Lauderdale,2013,27573,-0.43691774391565463,NA,NA,4.0983232848656606
Lauderdale,2012,27694,-0.02526984585393688,NA,NA,-2.4319426986192387
Lauderdale,2011,27701,-0.07214746942750816,NA,NA,-1.716024707873396
Lauderdale,2010,27721,NA,NA,NA,1.7923500121441787
Lawrence,2018,43771,0.8827325527795749,NA,NA,3.6892066726669084
Lawrence,2017,43388,0.7710888145670669,NA,NA,3.2333018505242683
Lawrence,2016,43056,1.0894064613072851,NA,NA,-0.553091106534187
Lawrence,2015,42592,0.6807866868381307,NA,NA,2.243553795752596
Lawrence,2014,42304,0.6567050537736652,NA,NA,2.8382503052130708
Lawrence,2013,42028,-0.29890401859846705,NA,NA,1.0468042988643833
Lawrence,2012,42154,-0.018974431952945015,NA,NA,1.545686793503283
Lawrence,2011,42162,0.46465079705482193,NA,NA,-3.2776216298020273
Lawrence,2010,41967,NA,NA,NA,4.356596170767651
Lewis,2018,12074,0.4074844074844153,NA,NA,0.46683853652215207
Lewis,2017,12025,1.1269026995206488,NA,NA,4.45003283259966
Lewis,2016,11891,0.13473684210525416,NA,NA,-1.9063184869303902
Lewis,2015,11875,-0.09254585226317058,NA,NA,9.452047186216511
Lewis,2014,11886,-0.900450225112559,NA,NA,2.58916600538089
Lewis,2013,11994,0.43543795009211017,NA,NA,-0.5415125758587267
Lewis,2012,11942,-1.6795652889840307,NA,NA,-5.550645612363514
Lewis,2011,12146,-0.22180234946191923,NA,NA,-4.908447399293359
Lewis,2010,12173,NA,NA,NA,5.051125116091095
Lincoln,2018,34189,0.8763129942169323,NA,NA,1.6158608993482781
Lincoln,2017,33892,0.9772375163866087,NA,NA,2.70272221532244
Lincoln,2016,33564,-0.1338927073105456,NA,NA,-0.21199693502442155
Lincoln,2015,33609,0.49636695272552434,NA,NA,0.7447011040579958
Lincoln,2014,33443,-0.1671691692289312,NA,NA,1.5627369487143012
Lincoln,2013,33499,0.35950747475956835,NA,NA,6.348713162006559
Lincoln,2012,33379,-0.023961422110396757,NA,NA,0.6557754835077043
Lincoln,2011,33387,0.01497813192739006,NA,NA,1.3856859247227291
Lincoln,2010,33382,NA,NA,NA,0.1764333004605953
Loudon,2018,53082,1.5729047072330582,NA,NA,5.127844628343277
Loudon,2017,52260,1.7265878963657944,NA,NA,1.8432488461615308
Loudon,2016,51373,0.8975567601539725,NA,NA,0.5331201455660504
Loudon,2015,50916,0.6523544063574915,NA,NA,4.465610967875816
Loudon,2014,50586,0.3969356567300464,NA,NA,-0.0023485824282463313
Loudon,2013,50386,1.1300002007105237,NA,NA,-0.07343437871292206
Loudon,2012,49823,1.2909652760835888,NA,NA,-2.3388785274805715
Loudon,2011,49188,0.9813180045165293,NA,NA,1.0317169454994575
Loudon,2010,48710,NA,NA,NA,0.9125497622349669
Macon,2018,24289,1.6063585024053584,NA,NA,-0.1712099458746149
Macon,2017,23905,2.4207369323050454,NA,NA,0.5508221049775232
Macon,2016,23340,1.14404576183047,NA,NA,1.1298830635148507
Macon,2015,23076,0.685021161481747,NA,NA,6.336818776580456
Macon,2014,22919,1.2457481114988678,NA,NA,0.3759137422310081
Macon,2013,22637,0.6625755958733492,NA,NA,-0.8993557264157721
Macon,2012,22488,0.14696058784235966,NA,NA,-3.251265460675008
Macon,2011,22455,0.9803480685344201,NA,NA,-3.39897924596942
Macon,2010,22237,NA,NA,NA,4.8393496479052995
Madison,2018,97603,0.11488239940096179,19.3,-2.030456852791873,2.598450251406393
Madison,2017,97491,0.013336342559355785,19.7,7.065217391304346,3.65224364091894
Madison,2016,97478,-0.09326732876221433,18.4,-4.6632124352331665,-1.649565782493732
Madison,2015,97569,-0.5757433713086235,19.3,9.659090909090896,4.499501638413939
Madison,2014,98134,-0.6036665653803341,17.6,-2.7624309392265234,-1.106816766115813
Madison,2013,98730,0.22841480127913094,18.1,-6.217616580310881,1.686096971614472
Madison,2012,98505,0.4292239305085488,19.3,4.324324324324325,-2.3268928543712546
Madison,2011,98084,-0.16794064061720348,18.5,-1.0695187165775333,-0.9976797291244939
Madison,2010,98249,NA,18.7,NA,3.0230021292659934
Marion,2018,28598,0.6759135393930915,NA,NA,1.5181867507686464
Marion,2017,28406,0.0810344220131709,NA,NA,2.7890983692723825
Marion,2016,28383,-0.04930098249814607,NA,NA,-2.9708761096803222
Marion,2015,28397,-0.028164055624013695,NA,NA,5.154474179863438
Marion,2014,28405,0.2788957141848458,NA,NA,3.9434293773894797
Marion,2013,28326,0.3542832849146249,NA,NA,-2.172533928106266
Marion,2012,28226,0.4519733798355796,NA,NA,1.483090818729406
Marion,2011,28099,-0.42877391920623786,NA,NA,0.8461779190491406
Marion,2010,28220,NA,NA,NA,1.789808618704478
Marshall,2018,33806,2.3803755299818263,NA,NA,3.7105436861040273
Marshall,2017,33020,3.074761979085383,NA,NA,5.3443888663949695
Marshall,2016,32035,1.4086736308958514,NA,NA,3.3972862923699267
Marshall,2015,31590,0.9684533512321458,NA,NA,3.555060046764853
Marshall,2014,31287,0.4720616570327518,NA,NA,3.8076742615955697
Marshall,2013,31140,0.5456717574505277,NA,NA,0.8912885754239732
Marshall,2012,30971,0.3987292531120401,NA,NA,0.1337421679321076
Marshall,2011,30848,0.5246521328249765,NA,NA,0.16468201655231982
Marshall,2010,30687,NA,NA,NA,-1.3322084019482736
Maury,2018,94273,2.2073571343387055,29.7,4.577464788732399,2.928841762794415
Maury,2017,92237,2.99365759971415,28.4,-5.0167224080267525,6.955613292165817
Maury,2016,89556,2.437517872462114,29.9,0.6734006734006703,6.164979910922608
Maury,2015,87425,2.3903775883069356,29.7,6.834532374100721,0.9761047599942508
Maury,2014,85384,2.1119854576765684,27.8,-5.442176870748295,3.8467306046365435
Maury,2013,83618,1.9060618617008362,29.4,-4.234527687296419,2.168174790869739
Maury,2012,82054,0.6451771170640663,30.7,-1.2861736334405238,-1.4691599513824305
Maury,2011,81528,0.4385748780367571,31.1,19.15708812260537,1.973376904708932
Maury,2010,81172,NA,26.1,NA,1.2713630278846495
McMinn,2018,53336,0.7651470782717107,NA,NA,6.088775167845168
McMinn,2017,52931,0.43833017077798964,NA,NA,2.0149977874512506
McMinn,2016,52700,0.37712849034321483,NA,NA,0.22196162074808887
McMinn,2015,52502,-0.3284290460370154,NA,NA,2.839476891916457
McMinn,2014,52675,0.46537353855542474,NA,NA,1.8454920468829574
McMinn,2013,52431,-0.019069049026521068,NA,NA,-0.051066544054493124
McMinn,2012,52441,0.20254132034012162,NA,NA,-2.4811379094699495
McMinn,2011,52335,0.3047378104875875,NA,NA,0.6439584896587874
McMinn,2010,52176,NA,NA,NA,-0.3860459744571401
McNairy,2018,25830,-0.6576670128071949,NA,NA,0.09078720845916216
McNairy,2017,26001,0.654227314958189,NA,NA,-2.292909031974671
McNairy,2016,25832,-0.12372409526755224,NA,NA,9.94708949259932
McNairy,2015,25864,-0.6453595574677284,NA,NA,3.8670769938913816
McNairy,2014,26032,-0.011522949875164556,NA,NA,-2.10967484348603
McNairy,2013,26035,-0.4093030372580575,NA,NA,-0.06110450139876618
McNairy,2012,26142,0.24926180158759692,NA,NA,-1.6440146541197387
McNairy,2011,26077,0.04220056778945214,NA,NA,-0.5407974295270724
McNairy,2010,26066,NA,NA,NA,-0.0027011579657612605
Meigs,2018,12297,2.1175884404583956,NA,NA,1.3708610608401044
Meigs,2017,12042,0.7445829498870626,NA,NA,5.2797809853421915
Meigs,2016,11953,1.262283971535072,NA,NA,3.0231218630561814
Meigs,2015,11804,0.8630265743826415,NA,NA,-4.369049780618238
Meigs,2014,11703,0.3773908568487805,NA,NA,5.385475295431364
Meigs,2013,11659,-0.0771340418237898,NA,NA,2.544371639768318
Meigs,2012,11668,-0.16257379994866206,NA,NA,1.8742804026931346
Meigs,2011,11687,-0.8904341926729953,NA,NA,1.8256588456704022
Meigs,2010,11792,NA,NA,NA,3.0805967693640963
Monroe,2018,46269,0.5083088954056736,NA,NA,3.707777872274086
Monroe,2017,46035,0.4078694817658324,NA,NA,5.372911667136141
Monroe,2016,45848,0.48876712328767,NA,NA,-4.346929753383003
Monroe,2015,45625,0.515520697935723,NA,NA,5.123491248710985
Monroe,2014,45391,0.36039621473422656,NA,NA,4.455436478389603
Monroe,2013,45228,0.29493291939239885,NA,NA,-3.2641105369473826
Monroe,2012,45095,0.4275883571253525,NA,NA,-0.44271208006073126
Monroe,2011,44903,0.6568034073077822,NA,NA,2.820073268240187
Monroe,2010,44610,NA,NA,NA,-0.5424291679644485
Montgomery,2018,205312,2.773675858858393,25.8,0,-0.651504565295547
Montgomery,2017,199771,2.750174875529776,25.8,0,6.5182793101729235
Montgomery,2016,194424,1.0530254992255683,25.8,2.3809523809523947,0.39470370549458855
Montgomery,2015,192398,1.7951906034231913,25.2,5.439330543933063,4.2224047441635735
Montgomery,2014,189005,2.5796192171591015,23.9,0.8438818565400741,5.38031492121888
Montgomery,2013,184252,-0.28682447424532853,23.7,1.2820512820512775,-1.7198993764045645
Montgomery,2012,184782,4.689978697366626,23.4,-0.42553191489361764,1.097010228444734
Montgomery,2011,176504,1.931750587610237,23.5,0.42735042735042583,4.591652676215533
Montgomery,2010,173159,NA,23.4,NA,0.5829041590981817
Moore,2018,6457,1.0327022375215211,NA,NA,5.066467199891838
Moore,2017,6391,1.5572858731924377,NA,NA,1.4454582972618237
Moore,2016,6293,0.5111004631847882,NA,NA,0.33793688251678766
Moore,2015,6261,-0.3818615751789989,NA,NA,8.613900899191052
Moore,2014,6285,0.17532674529805448,NA,NA,-1.1240838847161394
Moore,2013,6274,-0.23851168707266224,NA,NA,-3.9320975370884304
Moore,2012,6289,-1.2250667504319135,NA,NA,4.941104858534168
Moore,2011,6367,0.5845181674565492,NA,NA,-0.6285025941461191
Moore,2010,6330,NA,NA,NA,4.0242420237877035
Morgan,2018,21534,-0.09742519137091454,NA,NA,6.021160717153979
Morgan,2017,21555,-0.8555264247274708,NA,NA,6.800537917867569
Morgan,2016,21741,1.1491579045314948,NA,NA,3.1086750969165453
Morgan,2015,21494,-0.9447439974192395,NA,NA,4.359951015497996
Morgan,2014,21699,0.11996493332717684,NA,NA,-0.1760233836211771
Morgan,2013,21673,-1.00036543029417,NA,NA,-5.267880636407255
Morgan,2012,21892,-0.4818619874534025,NA,NA,-1.6484018537120328
Morgan,2011,21998,-0.09537217857304991,NA,NA,-5.942763635770954
Morgan,2010,22019,NA,NA,NA,1.578081136744641
Obion,2018,30274,-0.3325102880658459,NA,NA,6.62527047750964
Obion,2017,30375,-0.5630667495989838,NA,NA,3.3858654823453724
Obion,2016,30547,-0.045810019305647653,NA,NA,-0.8572462365922661
Obion,2015,30561,-0.8660957571039352,NA,NA,3.470662797578402
Obion,2014,30828,-0.6093432633716978,NA,NA,4.645548537540522
Obion,2013,31017,-0.935803257745127,NA,NA,-5.781877142299433
Obion,2012,31310,-1.1523283346487778,NA,NA,-2.4241213736877953
Obion,2011,31675,-0.4619445666520061,NA,NA,-0.06585065549256817
Obion,2010,31822,NA,NA,NA,0.4694971553134043
Overton,2018,22068,0.31821074643150205,NA,NA,-4.400462465988179
Overton,2017,21998,0.1547987616099089,NA,NA,4.82587858331223
Overton,2016,21964,-0.4667603208410753,NA,NA,2.1736183432625666
Overton,2015,22067,0.5284497289417267,NA,NA,1.478524417650542
Overton,2014,21951,-0.08193363375665896,NA,NA,-2.9738805226971037
Overton,2013,21969,-0.8798050893340514,NA,NA,-0.33373876209938
Overton,2012,22164,-0.004511617414848512,NA,NA,-0.4126072408383355
Overton,2011,22165,0.33043635705232166,NA,NA,1.519244786287271
Overton,2010,22092,NA,NA,NA,1.5216910034196705
Perry,2018,8050,1.206939904450599,NA,NA,-6.692634032676059
Perry,2017,7954,0.9390862944162359,NA,NA,1.9695475556441475
Perry,2016,7880,0.356597045338769,NA,NA,6.048300454979029
Perry,2015,7852,0.4220488553523527,NA,NA,2.466363505696125
Perry,2014,7819,-0.7741116751268984,NA,NA,6.171269049271851
Perry,2013,7880,0.356597045338769,NA,NA,4.767625441165055
Perry,2012,7852,-0.16528925619834212,NA,NA,-2.6167736528928063
Perry,2011,7865,-0.9445843828715383,NA,NA,-4.905703569676706
Perry,2010,7940,NA,NA,NA,5.81007509135705
Pickett,2018,5053,-0.17779533781113743,NA,NA,13.843518250907074
Pickett,2017,5062,-0.5696326851306277,NA,NA,3.969171744659201
Pickett,2016,5091,-0.9340338587273789,NA,NA,0.3042400573292612
Pickett,2015,5139,1.201260338716037,NA,NA,0.5614659279272729
Pickett,2014,5078,1.2966287652104613,NA,NA,1.5833940587257673
Pickett,2013,5013,-0.693343898573695,NA,NA,-0.8391529427808079
Pickett,2012,5048,-1.4832162373145996,NA,NA,-5.209368041835819
Pickett,2011,5124,0.8264462809917328,NA,NA,-4.299608675734141
Pickett,2010,5082,NA,NA,NA,9.069772616098303
Polk,2018,16918,0.9487439584700663,NA,NA,8.899860855221183
Polk,2017,16759,-0.20840776467786482,NA,NA,6.665662219715763
Polk,2016,16794,0.1490846204305507,NA,NA,13.793527108766025
Polk,2015,16769,0.5094701510429234,NA,NA,-2.475587021565704
Polk,2014,16684,0.31265031265030885,NA,NA,1.3194465345036364
Polk,2013,16632,0.048123195380167516,NA,NA,1.984837796382826
Polk,2012,16624,-0.8765130284419498,NA,NA,-2.7380323439086065
Polk,2011,16771,-0.24980669719859572,NA,NA,-0.9499519439169022
Polk,2010,16813,NA,NA,NA,-0.8275657356337771
Putnam,2018,78631,1.723178825081817,21.4,-6.550218340611358,-8.03916227014257
Putnam,2017,77299,1.7292886753964565,22.9,-9.486166007905151,4.055083995934454
Putnam,2016,75985,1.2134693768814708,25.3,17.129629629629626,-1.1567694664906922
Putnam,2015,75074,0.19217936740958397,21.6,-6.086956521739129,0.5502076606844271
Putnam,2014,74930,1.1269316418111908,23,0.4366812227074357,9.974635078948632
Putnam,2013,74095,0.7697643106801433,22.9,-2.1367521367521403,-0.38836033486813637
Putnam,2012,73529,0.6350509820023165,23.4,-0.8474576271186529,2.5114615460228715
Putnam,2011,73065,0.7112434354711983,23.6,8.755760368663612,-3.182393243675072
Putnam,2010,72549,NA,21.7,NA,3.2995790456325693
Rhea,2018,32911,0.7345964310856656,NA,NA,-0.6078155763549138
Rhea,2017,32671,0.6066391574798269,NA,NA,3.9777245817682103
Rhea,2016,32474,0.31198838538288864,NA,NA,-1.2129114899943496
Rhea,2015,32373,-0.7663305030193412,NA,NA,1.0710952875039859
Rhea,2014,32623,0.28897291647453915,NA,NA,7.40394116501998
Rhea,2013,32529,0.5005097784780865,NA,NA,-4.491990374079106
Rhea,2012,32367,0.8883486066953328,NA,NA,2.542224537032576
Rhea,2011,32082,0.7031200954234373,NA,NA,-0.2028896246419356
Rhea,2010,31858,NA,NA,NA,2.5110767967171554
Roane,2018,53258,0.4488872123726839,NA,NA,8.96761739185571
Roane,2017,53020,0.1435478996675732,NA,NA,1.7594533837529196
Roane,2016,52944,0.32973280272883265,NA,NA,2.912376419988063
Roane,2015,52770,-0.1551502308332675,NA,NA,2.4298762614278395
Roane,2014,52852,-0.5812531743195182,NA,NA,0.6488448134324523
Roane,2013,53161,-0.8467779539307996,NA,NA,-2.9909019789080578
Roane,2012,53615,-0.6908942728013678,NA,NA,-4.050021668364644
Roane,2011,53988,-0.3341394524543517,NA,NA,3.837479036675223
Roane,2010,54169,NA,NA,NA,0.4681601796497021
Robertson,2018,71179,1.2100443635536307,32.4,5.537459283387625,1.474928250941102
Robertson,2017,70328,1.3473981525514045,30.7,4.067796610169494,0.17134110949748677
Robertson,2016,69393,1.0278509761672439,29.5,3.5087719298245723,3.5793661476929666
Robertson,2015,68687,0.9420098168885671,28.5,4.779411764705888,3.912218885888865
Robertson,2014,68046,0.9404853735240026,27.2,-11.688311688311693,0.16989739114668895
Robertson,2013,67412,0.919189197281356,30.8,4.054054054054057,0.18018347846048652
Robertson,2012,66798,0.03444402845376171,29.6,-1.9867549668874052,-1.3213115676112805
Robertson,2011,66775,0.6830312716745501,30.2,-1.6286644951140072,0.1787197847963709
Robertson,2010,66322,NA,30.7,NA,5.951464805231324
Rutherford,2018,324647,2.564045859647246,29,-1.6949152542372836,4.003020349872318
Rutherford,2017,316531,2.965372542003486,29.5,3.8732394366197243,5.759248815415324
Rutherford,2016,307415,3.091245049413649,28.4,0.35335689045936647,2.151498815536698
Rutherford,2015,298197,3.2366504182130384,28.3,-2.076124567474036,2.690386228874283
Rutherford,2014,288848,2.7387710387411612,28.9,5.090909090909079,2.243142205441256
Rutherford,2013,281148,2.460303866295921,27.5,-0.36231884057971175,6.256160617761955
Rutherford,2012,274397,1.9456828652102853,27.6,1.845018450184499,2.142237792201335
Rutherford,2011,269160,2.067438227130003,27.1,3.041825095057038,1.4179269865120123
Rutherford,2010,263708,NA,26.3,NA,-0.8702297060129469
Scott,2018,22028,0.2913859042068756,NA,NA,14.5685249882155
Scott,2017,21964,0.3380539058930987,NA,NA,0.9273853215053026
Scott,2016,21890,-0.013703010094545665,NA,NA,5.785918604633074
Scott,2015,21893,-0.44110959527057236,NA,NA,0.633027647294654
Scott,2014,21990,-0.32635300516725696,NA,NA,-7.172234677648177
Scott,2013,22062,-0.509582863585123,NA,NA,-2.764465430056135
Scott,2012,22175,0.3166704365528128,NA,NA,-2.2493390611449984
Scott,2011,22105,-0.5488819903720743,NA,NA,-3.9704797592948378
Scott,2010,22227,NA,NA,NA,0.683878574590353
Sequatchie,2018,14891,0.8397101645561067,NA,NA,3.9979073224831416
Sequatchie,2017,14767,0.08811169852243061,NA,NA,3.1580518940591933
Sequatchie,2016,14754,0.7718052045625257,NA,NA,0.34734390151129235
Sequatchie,2015,14641,0.0478338116714605,NA,NA,0.8570835247653198
Sequatchie,2014,14634,0.6672628465295372,NA,NA,14.73753281188646
Sequatchie,2013,14537,1.3031358885017497,NA,NA,-2.4295211968758075
Sequatchie,2012,14350,0.5324365980103662,NA,NA,-5.846605270236776
Sequatchie,2011,14274,1.033408833522076,NA,NA,3.6126115600118838
Sequatchie,2010,14128,NA,NA,NA,10.09319675492427
Sevier,2018,97895,0.6042730738795798,26.5,10.416666666666675,3.5002746662637643
Sevier,2017,97307,0.8676272416295205,24,-9.433962264150942,5.850475366155606
Sevier,2016,96470,1.103576930735617,26.5,-1.1194029850746245,4.777561194771273
Sevier,2015,95417,0.7997042045214453,26.8,7.63052208835342,3.6487581101576803
Sevier,2014,94660,1.2655519539565896,24.9,5.957446808510625,3.3156913151431984
Sevier,2013,93477,1.207206426885521,23.5,-11.985018726591756,-1.5854111449494734
Sevier,2012,92362,1.2830072813404758,26.7,-3.6101083032490933,7.412458652054984
Sevier,2011,91192,1.4112073663022917,27.7,13.991769547325106,-3.996343225512001
Sevier,2010,89923,NA,24.3,NA,0.3811392401262523
Shelby,2018,936365,0.11911240939597167,22.8,1.333333333333342,6.115003402567432
Shelby,2017,935251,-0.08226311161821931,22.5,-3.0172413793103425,6.9687759320915585
Shelby,2016,936021,-0.11162488914879809,23.2,2.65486725663715,0.5258953855919806
Shelby,2015,937067,-0.04618666666666993,22.6,0.8928571428571619,4.062961245118909
Shelby,2014,937500,-0.09196867310411472,22.4,-2.60869565217392,0.9170711691699479
Shelby,2013,938363,-0.0857141640260295,23,3.603603603603611,1.034782434135431
Shelby,2012,939168,0.6410297625553785,22.2,0.4524886877828038,0.6499622096864117
Shelby,2011,933186,0.5104222427343652,22.1,-0.8968609865470767,0.09476935338411338
Shelby,2010,928447,NA,22.3,NA,0.14352387564730493
Smith,2018,19979,1.251773768497877,NA,NA,-2.577076121485363
Smith,2017,19732,1.055003584963643,NA,NA,5.355078999439784
Smith,2016,19526,1.12906567226021,NA,NA,-0.9875989693844652
Smith,2015,19308,1.1048855841231608,NA,NA,2.5761247617081997
Smith,2014,19097,-0.10461892556363761,NA,NA,9.07804604766219
Smith,2013,19117,-0.32327024349548816,NA,NA,-4.339578663930923
Smith,2012,19179,-0.1613742842269672,NA,NA,0.20672468444631525
Smith,2011,19210,0.4391927219491887,NA,NA,-0.9146111797532945
Smith,2010,19126,NA,NA,NA,6.259463359060379
Stewart,2018,13619,1.4677395321114561,NA,NA,2.9437615888969266
Stewart,2017,13422,1.7589082638362452,NA,NA,-0.9160037660385486
Stewart,2016,13190,0.0227496777128966,NA,NA,-1.779526208276048
Stewart,2015,13187,-0.17411052233157198,NA,NA,5.985466936106365
Stewart,2014,13210,-0.5046320704978569,NA,NA,5.256448736974606
Stewart,2013,13277,-0.24043880081148217,NA,NA,-2.6515245964149092
Stewart,2012,13309,0.6503819103077957,NA,NA,-1.4262717621341887
Stewart,2011,13223,-0.9364698831285545,NA,NA,1.7562816362138765
Stewart,2010,13348,NA,NA,NA,3.3049896421249216
Sullivan,2018,157599,0.43014452856160457,22.1,3.2710280373831946,3.35149197171737
Sullivan,2017,156924,0.4750867577569817,21.4,0.46948356807510194,3.877331970274698
Sullivan,2016,156182,-0.01088355239150518,21.3,4.92610837438423,-0.21795177906842772
Sullivan,2015,156199,-0.13107081660315156,20.3,-1.9323671497584516,4.67852238504096
Sullivan,2014,156404,0.14021833082562551,20.7,-10.775862068965514,-1.5163294459048826
Sullivan,2013,156185,-0.0876396156651027,23.2,6.422018348623837,-0.6065817425693967
Sullivan,2012,156322,-0.3531451592340473,21.8,-7.234042553191489,-0.16895039692008315
Sullivan,2011,156876,0.08102125053428555,23.5,16.33663366336635,0.38714302918199867
Sullivan,2010,156749,NA,20.2,NA,0.8950694276383827
Sumner,2018,187490,2.0320424911295376,29.8,2.0547945205479534,7.630824166878828
Sumner,2017,183756,2.4669328396493606,29.2,6.569343065693434,4.121618072508727
Sumner,2016,179332,2.284886440117262,27.4,-1.0830324909747335,-0.42597465886156205
Sumner,2015,175326,1.7745502673145008,27.7,1.46520146520146,5.424566343623995
Sumner,2014,172269,2.082913590196389,27.3,-0.7272727272727209,4.67133905808223
Sumner,2013,168754,1.679249489356316,27.5,-2.135231316725983,1.3824278797912946
Sumner,2012,165967,1.397238514173993,28.1,5.243445692883908,1.8808028244374853
Sumner,2011,163680,1.5296438274591484,26.7,-0.3731343283582156,-0.5607339428392125
Sumner,2010,161214,NA,26.8,NA,0.43369589694939525
Tipton,2018,61576,0.4420520349074364,NA,NA,-2.8956681741124064
Tipton,2017,61305,0.13393659245708456,NA,NA,5.019967018160866
Tipton,2016,61223,-0.5037947117806696,NA,NA,-4.220788302610183
Tipton,2015,61533,-0.10227936879018129,NA,NA,4.5916210860274145
Tipton,2014,61596,0.038978756577656704,NA,NA,1.6474665012306444
Tipton,2013,61572,0.07801833430856053,NA,NA,5.696638403414431
Tipton,2012,61524,0.3572302422314655,NA,NA,-2.8188313514761627
Tipton,2011,61305,0.39302382706951633,NA,NA,-0.6712941486662704
Tipton,2010,61065,NA,NA,NA,2.4711345090415997
Trousdale,2018,11033,1.8650170806019828,NA,NA,5.324703495554729
Trousdale,2017,10831,8.799598191863378,NA,NA,10.090286583301436
Trousdale,2016,9955,23.649236119736685,NA,NA,0.41545522520113676
Trousdale,2015,8051,0.6626656664165953,NA,NA,9.682569987276342
Trousdale,2014,7998,2.407170294494243,NA,NA,7.0056360253477115
Trousdale,2013,7810,0.20528611752630432,NA,NA,-4.521606653677886
Trousdale,2012,7794,-0.26871401151631336,NA,NA,2.62726010691737
Trousdale,2011,7815,-0.7493014986029944,NA,NA,-3.067238596686557
Trousdale,2010,7874,NA,NA,NA,0.02095195039612397
Unicoi,2018,17822,0.14610024724657222,NA,NA,3.583769846981768
Unicoi,2017,17796,0.33263798838585323,NA,NA,-1.6936567339670612
Unicoi,2016,17737,-0.4601829507828725,NA,NA,0.06501323949422516
Unicoi,2015,17819,-0.735335078825694,NA,NA,4.60509900706285
Unicoi,2014,17951,-0.7957999447361197,NA,NA,1.973704855596344
Unicoi,2013,18095,-0.8656111324165883,NA,NA,-0.12920791713767854
Unicoi,2012,18253,-0.267730302699154,NA,NA,-0.832934718246873
Unicoi,2011,18302,0.0984467293808855,NA,NA,-6.502011039717926
Unicoi,2010,18284,NA,NA,NA,2.891863811405876
Union,2018,19689,1.4949224186813659,NA,NA,0.8516574992192065
Union,2017,19399,0.9365731827878587,NA,NA,8.125142856659657
Union,2016,19219,0.31316874575917364,NA,NA,6.073495766877467
Union,2015,19159,0.8846295613711863,NA,NA,11.247264109943147
Union,2014,18991,-0.37769501127838945,NA,NA,-1.5013626050079771
Union,2013,19063,-0.21983773881183444,NA,NA,-3.5320262501211706
Union,2012,19105,-0.44812672606950876,NA,NA,-3.3083695679569183
Union,2011,19191,0.39234149403641894,NA,NA,-3.7040343798861515
Union,2010,19116,NA,NA,NA,5.852457706781783
Van Buren,2018,5763,0.27840612493474914,NA,NA,10.853186526200565
Van Buren,2017,5747,0.4544660024471181,NA,NA,5.298660592659074
Van Buren,2016,5721,0.45654082528534534,NA,NA,-0.1287179991798977
Van Buren,2015,5695,-0.0175561797752799,NA,NA,18.146595266846493
Van Buren,2014,5696,2.188733405095089,NA,NA,-2.737536107150744
Van Buren,2013,5574,-1.3974880594374683,NA,NA,-2.363107279963988
Van Buren,2012,5653,1.7641764176417718,NA,NA,1.31870719909513
Van Buren,2011,5555,-0.2513916322499532,NA,NA,-2.11554838852029
Van Buren,2010,5569,NA,NA,NA,0.2916297863802662
Warren,2018,40826,0.26770145148218294,NA,NA,4.355834286119728
Warren,2017,40717,0.7148510933016716,NA,NA,2.281849995353614
Warren,2016,40428,0.4122994386766665,NA,NA,-2.6773768514875167
Warren,2015,40262,0.6977965635394989,NA,NA,11.664883920267567
Warren,2014,39983,0.2708463949843365,NA,NA,1.4652309875379215
Warren,2013,39875,0.3296095008051614,NA,NA,-2.170059844914472
Warren,2012,39744,-0.4084496454256126,NA,NA,-2.4716572130906904
Warren,2011,39907,0.12293642430629692,NA,NA,-2.042497167977961
Warren,2010,39858,NA,NA,NA,3.3690986397776816
Washington,2018,128661,0.8291341112669715,20.4,-3.7735849056603765,3.4191325888421695
Washington,2017,127603,0.2797708393911025,21.2,-1.3953488372093092,4.486812550422756
Washington,2016,127247,0.8799955603827625,21.5,6.435643564356441,1.1977047272898043
Washington,2015,126137,0.311742017575245,20.2,2.5380710659898442,4.359110105117952
Washington,2014,125745,0.27751860092346536,19.7,-7.943925233644855,-0.5244760406689241
Washington,2013,125397,0.4196263403618117,21.4,-2.7272727272727337,1.6283176560725348
Washington,2012,124873,0.7958865740553822,22,11.111111111111116,4.221490827204403
Washington,2011,123887,0.407670362445689,19.8,-7.042253521126762,3.406463903222604
Washington,2010,123384,NA,21.3,NA,0.12484774726024508
Wayne,2018,16635,-0.03605552550928204,NA,NA,3.016846589139115
Wayne,2017,16641,-0.6329491849286439,NA,NA,2.19466767992099
Wayne,2016,16747,-0.11928192282459893,NA,NA,6.4148998172869804
Wayne,2015,16767,-0.5516014234875466,NA,NA,1.2490062979172103
Wayne,2014,16860,-0.35460992907800915,NA,NA,3.6225598254979388
Wayne,2013,16920,-0.31226064926648256,NA,NA,-3.4278853430681773
Wayne,2012,16973,-0.1588235294117668,NA,NA,-2.5703999582941632
Wayne,2011,17000,0.08831321754489974,NA,NA,-0.4206985234306513
Wayne,2010,16985,NA,NA,NA,0.9898841256539707
Weakley,2018,33413,0.26406601650412753,NA,NA,10.173038344246734
Weakley,2017,33325,-0.8479619160963958,NA,NA,5.444742918919477
Weakley,2016,33610,-0.7735002361832777,NA,NA,1.4870104300491374
Weakley,2015,33872,-0.3794006058645327,NA,NA,-0.004392546638952977
Weakley,2014,34001,-0.45088566827696797,NA,NA,1.8642110470496156
Weakley,2013,34155,-1.1547143601319698,NA,NA,-4.025169672900465
Weakley,2012,34554,-0.8692658576469614,NA,NA,5.806429598481281
Weakley,2011,34857,-0.5336148841456501,NA,NA,-2.5190051512839444
Weakley,2010,35044,NA,NA,NA,4.625494368298995
White,2018,27086,1.2031086534150415,NA,NA,7.200002467591457
White,2017,26764,1.1374371764350188,NA,NA,6.322801136190584
White,2016,26463,0.4593424948751146,NA,NA,-2.515713419417603
White,2015,26342,0.296984465427963,NA,NA,9.233672175656213
White,2014,26264,0.27106478830221103,NA,NA,-1.8112670787533713
White,2013,26193,0.6223349083784635,NA,NA,2.2571876915256346
White,2012,26031,-0.0729366602687187,NA,NA,-2.879881238635083
White,2011,26050,0.8595322905373903,NA,NA,0.16528496808681625
White,2010,25828,NA,NA,NA,-2.751256060927852
Williamson,2018,231978,2.623336636466589,28.2,6.41509433962264,3.0905380024481226
Williamson,2017,226048,3.264002777485908,26.5,-5.35714285714286,13.477488277495702
Williamson,2016,218903,3.4488788072115417,28,-1.0600706713780994,-0.11030168499308811
Williamson,2015,211605,3.0540485258164773,28.3,0.7117437722419906,5.757962975957421
Williamson,2014,205334,3.1088212992673503,28.1,5.63909774436091,3.0891826853699595
Williamson,2013,199143,3.070218569336114,26.6,-5.6737588652482245,5.480324971669588
Williamson,2012,193211,2.498660484559756,28.2,12.350597609561742,3.8294333170483856
Williamson,2011,188501,2.3666389707998725,25.1,-9.05797101449275,0.47093818555444833
Williamson,2010,184143,NA,27.6,NA,1.3316945951294525
Wilson,2018,140954,3.118713009634866,31.1,0,6.160533554347988
Wilson,2017,136691,3.167690612405094,31.1,4.36241610738255,5.14238649355681
Wilson,2016,132494,3.0792929607269537,29.8,-1.3245033112582738,1.666451142743568
Wilson,2015,128536,2.6669968130226707,30.2,-2.265372168284785,4.765552099605059
Wilson,2014,125197,2.62890400852529,30.9,10.752688172043001,1.0839486086334817
Wilson,2013,121990,2.3895654801373123,27.9,-0.7117437722420017,1.960627627252338
Wilson,2012,119143,2.005993150684926,28.1,2.5547445255474477,2.285727620740738
Wilson,2011,116800,1.8512866573070497,27.4,-4.529616724738683,0.9876150021391911
Wilson,2010,114677,NA,28.7,NA,9.976929076019749
